instance_id,seed,num_customers,num_vehicles,vehicle_capacity,vehicle_pair,pair_rank,block_id,block_size,state_count,baseline_distance,exact_best_distance,best_improvement,has_improvement,improving_state_count,improving_state_ratio,single_bit_local_trap,minimum_required_flips,feasible_state_ratio,capacity_repair_ratio,spearman_qubo_true_distance,true_optimum_qubo_rank,current_bitstring,qubo_best_bitstring,true_best_bitstring
seed001_pair1_B1_w6,1,30,3,38,0-2,1,B1,6,64,86.50973986190237,85.48917754861964,1.0205623132827384,True,9,0.140625,False,1,0.109375,0.890625,0.20536970263617238,18,000000,101001,010000
seed001_pair1_B2_w6,1,30,3,38,0-2,1,B2,6,64,86.50973986190237,85.8961129161803,0.6136269457220749,True,3,0.046875,False,1,0.625,0.375,-0.5303753174174062,51,111000,101010,111010
seed001_pair1_B3_w6,1,30,3,38,0-2,1,B3,6,64,86.50973986190237,86.50973986190237,0.0,False,0,0.0,False,0,0.109375,0.890625,-0.07378569956220235,61,111011,101001,111011
seed001_pair2_B1_w6,1,30,3,38,0-1,2,B1,6,64,86.50973986190237,86.50973986190237,0.0,False,0,0.0,False,0,0.3125,0.6875,0.03160064200094297,35,000111,000101,000111
seed001_pair2_B2_w6,1,30,3,38,0-1,2,B2,6,64,86.50973986190237,86.50973986190237,0.0,False,0,0.0,False,0,0.3125,0.6875,0.14840083339130397,34,111000,101000,111000
seed001_pair2_B3_w6,1,30,3,38,0-1,2,B3,6,64,86.50973986190237,86.50973986190237,0.0,False,0,0.0,False,0,0.015625,0.984375,0.6019596926934391,1,000000,000000,000000
seed001_pair1_B1_w8,1,30,3,38,0-2,1,B1,8,256,86.50973986190237,85.48917754861964,1.0205623132827384,True,19,0.07421875,False,1,0.21875,0.78125,0.28700157828749334,24,10000000,10010101,10100000
seed001_pair1_B2_w8,1,30,3,38,0-2,1,B2,8,256,86.50973986190237,85.8961129161803,0.6136269457220749,True,1,0.00390625,False,1,0.1640625,0.8359375,-0.3508955991800867,247,11111001,10101001,11111101
seed001_pair1_B3_w8,1,30,3,38,0-2,1,B3,8,256,86.50973986190237,85.82147507340682,0.6882647884955588,True,7,0.02734375,False,1,0.56640625,0.43359375,0.40129626739619095,139,10001011,10101001,11101011
seed001_pair2_B1_w8,1,30,3,38,0-1,2,B1,8,256,86.50973986190237,86.50973986190237,0.0,False,0,0.0,False,0,0.0390625,0.9609375,-0.6457510423181188,253,01111111,01010101,01111111
seed001_pair2_B2_w8,1,30,3,38,0-1,2,B2,8,256,86.50973986190237,86.50973986190237,0.0,False,0,0.0,False,0,0.109375,0.890625,0.3682649286919774,40,00000110,00000100,00000110
seed001_pair2_B3_w8,1,30,3,38,0-1,2,B3,8,256,86.50973986190237,86.50973986190237,0.0,False,0,0.0,False,0,0.03125,0.96875,0.48222906873914023,1,10000000,10000000,10000000
seed002_pair1_B1_w6,2,40,4,36,1-3,1,B1,6,64,118.72648151671785,115.00892343032105,3.7175580863968065,True,34,0.53125,False,1,0.890625,0.109375,-0.036402765732562604,63,001111,000111,111100
seed002_pair1_B2_w6,2,40,4,36,1-3,1,B2,6,64,118.72648151671785,116.98384605279657,1.7426354639212889,True,4,0.0625,True,2,0.40625,0.59375,0.5833515176153564,7,111111,111011,111000
seed002_pair1_B3_w6,2,40,4,36,1-3,1,B3,6,64,118.72648151671785,116.98384605279657,1.7426354639212889,True,10,0.15625,True,2,0.546875,0.453125,0.6477552558976388,8,000111,000111,000000
seed002_pair2_B1_w6,2,40,4,36,0-3,2,B1,6,64,118.72648151671785,118.28512179837828,0.44135971833956944,True,2,0.03125,False,1,0.109375,0.890625,-0.4470082485576082,59,111111,010100,111110
seed002_pair2_B2_w6,2,40,4,36,0-3,2,B2,6,64,118.72648151671785,118.28512179837828,0.44135971833956944,True,2,0.03125,False,1,0.46875,0.53125,0.8300055094379473,1,000111,000101,000101
seed002_pair2_B3_w6,2,40,4,36,0-3,2,B3,6,64,118.72648151671785,118.72648151671785,0.0,False,0,0.0,False,0,0.390625,0.609375,0.386921731627514,13,110101,010101,110101
seed002_pair1_B1_w8,2,40,4,36,1-3,1,B1,8,256,118.72648151671785,113.62627935883918,5.10020215787867,True,101,0.39453125,False,1,0.859375,0.140625,-0.0902833931362461,255,00011111,00010111,11111100
seed002_pair1_B2_w8,2,40,4,36,1-3,1,B2,8,256,118.72648151671785,117.92589994829635,0.8005815684215065,True,1,0.00390625,True,2,0.6875,0.3125,0.5015539145837409,2,00111111,00111011,00111010
seed002_pair1_B3_w8,2,40,4,36,1-3,1,B3,8,256,118.72648151671785,116.98384605279657,1.7426354639212889,True,4,0.015625,True,2,0.70703125,0.29296875,0.13358938554940916,7,11110100,11110100,11000000
seed002_pair2_B1_w8,2,40,4,36,0-3,2,B1,8,256,118.72648151671785,118.28512179837828,0.44135971833956944,True,2,0.0078125,False,1,0.03515625,0.96484375,-0.3141999698414004,245,11111111,01010100,11111110
seed002_pair2_B2_w8,2,40,4,36,0-3,2,B2,8,256,118.72648151671785,118.28512179837828,0.44135971833956944,True,1,0.00390625,False,1,0.31640625,0.68359375,0.5748432344963522,11,00000111,00000010,00000110
seed002_pair2_B3_w8,2,40,4,36,0-3,2,B3,8,256,118.72648151671785,118.28512179837828,0.44135971833956944,True,1,0.00390625,False,1,0.41015625,0.58984375,0.3028647717527217,74,11100100,10100000,11100000
seed003_pair1_B1_w6,3,50,5,33,1-4,1,B1,6,64,128.45641540180517,127.90681557636167,0.5495998254435079,True,2,0.03125,True,2,0.046875,0.953125,0.4815883666310602,42,100100,100100,011000
seed003_pair1_B2_w6,3,50,5,33,1-4,1,B2,6,64,128.45641540180517,127.64479676085924,0.8116186409459374,True,3,0.046875,True,2,0.078125,0.921875,0.3775930795352595,15,010101,010101,011001
seed003_pair1_B3_w6,3,50,5,33,1-4,1,B3,6,64,128.45641540180517,127.9412827136,0.5151326882051706,True,1,0.015625,True,2,0.0625,0.9375,-0.14948565278611273,58,111110,101010,111101
seed003_pair2_B1_w6,3,50,5,33,0-3,2,B1,6,64,128.45641540180517,128.2288199038005,0.2275954980046606,True,1,0.015625,False,1,0.1875,0.8125,-0.323728198486785,33,111111,001110,101111
seed003_pair2_B2_w6,3,50,5,33,0-3,2,B2,6,64,128.45641540180517,126.56791867002467,1.8884967317805064,True,4,0.0625,False,1,0.796875,0.203125,-0.13291813260427698,5,010111,011101,000101
seed003_pair2_B3_w6,3,50,5,33,0-3,2,B3,6,64,128.45641540180517,128.04594972642812,0.41046567537705414,True,3,0.046875,False,1,0.640625,0.359375,0.1679773802746543,2,000011,010111,010011
seed003_pair1_B1_w8,3,50,5,33,1-4,1,B1,8,256,128.45641540180517,127.90681557636167,0.5495998254435079,True,2,0.0078125,True,2,0.06640625,0.93359375,-0.019639371445051672,167,11100100,10100100,11011000
seed003_pair1_B2_w8,3,50,5,33,1-4,1,B2,8,256,128.45641540180517,127.39373295038908,1.0626824514160944,True,9,0.03515625,True,2,0.0625,0.9375,0.18291922941164218,68,10010001,10010001,10011100
seed003_pair1_B3_w8,3,50,5,33,1-4,1,B3,8,256,128.45641540180517,127.90681557636167,0.5495998254435079,True,2,0.0078125,True,2,0.0546875,0.9453125,0.039895246867417015,159,00101110,00101010,11001100
seed003_pair2_B1_w8,3,50,5,33,0-3,2,B1,8,256,128.45641540180517,128.2288199038005,0.2275954980046606,True,3,0.01171875,False,1,0.375,0.625,-0.28918737757378943,67,00111111,10001110,00101111
seed003_pair2_B2_w8,3,50,5,33,0-3,2,B2,8,256,128.45641540180517,125.92659368720601,2.5298217145991657,True,42,0.1640625,False,1,0.45703125,0.54296875,0.32870445544981336,97,00001100,10000001,10000010
seed003_pair2_B3_w8,3,50,5,33,0-3,2,B3,8,256,128.45641540180517,127.42856524469249,1.027850157112681,True,21,0.08203125,False,1,0.609375,0.390625,-0.2572596647955907,200,11110001,11100000,10011100
seed004_pair1_B1_w6,4,30,3,36,0-2,1,B1,6,64,100.39584373716988,98.90865000451417,1.4871937326557116,True,44,0.6875,False,1,0.015625,0.984375,-0.18136446886446883,57,000111,000101,111010
seed004_pair1_B2_w6,4,30,3,36,0-2,1,B2,6,64,100.39584373716988,98.92467381855408,1.4711699186158,True,43,0.671875,False,1,0.015625,0.984375,0.40245749092227945,22,000000,000000,000011
seed004_pair1_B3_w6,4,30,3,36,0-2,1,B3,6,64,100.39584373716988,97.89901814831401,2.49682558885587,True,33,0.515625,False,1,0.03125,0.96875,0.10864164122880769,9,101000,101000,000000
seed004_pair2_B1_w6,4,30,3,36,1-2,2,B1,6,64,100.39584373716988,89.55662238514512,10.839221352024765,True,49,0.765625,False,1,0.984375,0.015625,0.21433150183150182,15,111101,001000,100000
seed004_pair2_B2_w6,4,30,3,36,1-2,2,B2,6,64,100.39584373716988,99.92544627735597,0.4703974598139098,True,22,0.34375,False,1,0.984375,0.015625,0.055495140744715794,59,101111,100010,111110
seed004_pair2_B3_w6,4,30,3,36,1-2,2,B3,6,64,100.39584373716988,97.92637479575242,2.4694689414174604,True,37,0.578125,False,1,0.953125,0.046875,0.41956569046113057,1,110101,000001,000001
seed004_pair1_B1_w8,4,30,3,36,0-2,1,B1,8,256,100.39584373716988,95.91295721050723,4.482886526662654,True,203,0.79296875,False,1,0.07421875,0.92578125,-0.04168656752463226,8,01000111,01000101,00000001
seed004_pair1_B2_w8,4,30,3,36,0-2,1,B2,8,256,100.39584373716988,99.2915883719296,1.1042553652402773,True,56,0.21875,False,1,0.05859375,0.94140625,0.1239462084180063,122,11000000,01000000,11100001
seed004_pair1_B3_w8,4,30,3,36,0-2,1,B3,8,256,100.39584373716988,99.42576020123997,0.9700835359299163,True,23,0.08984375,False,1,0.1171875,0.8828125,0.14282950237633665,178,00001011,00001001,00011111
seed004_pair2_B1_w8,4,30,3,36,1-2,2,B1,8,256,100.39584373716988,89.08622492533118,11.309618811838703,True,189,0.73828125,False,1,0.96484375,0.03515625,0.14223935683222705,133,01111101,01001000,11000000
seed004_pair2_B2_w8,4,30,3,36,1-2,2,B2,8,256,100.39584373716988,95.64561688078358,4.7502268563863055,True,174,0.6796875,False,1,0.94921875,0.05078125,0.14166711519988812,191,00111110,00000010,01011111
seed004_pair2_B3_w8,4,30,3,36,1-2,2,B3,8,256,100.39584373716988,95.64561688078358,4.7502268563863055,True,98,0.3828125,False,1,0.87890625,0.12109375,0.7460965748029919,124,00110111,00110000,11110110
seed005_pair1_B1_w6,5,40,4,31,0-3,1,B1,6,64,119.73723509669436,116.75354209743296,2.9836929992614074,True,54,0.84375,False,1,0.765625,0.234375,0.020130309934934098,59,001111,000011,111000
seed005_pair1_B2_w6,5,40,4,31,0-3,1,B2,6,64,119.73723509669436,117.6628323316041,2.0744027650902694,True,28,0.4375,False,1,0.796875,0.203125,0.16378205128205126,15,011100,010000,110100
seed005_pair1_B3_w6,5,40,4,31,0-3,1,B3,6,64,119.73723509669436,118.19213922872476,1.5450958679696072,True,17,0.265625,False,1,0.015625,0.984375,0.3872710622710622,5,000000,000000,100100
seed005_pair2_B1_w6,5,40,4,31,0-1,2,B1,6,64,119.73723509669436,116.29992275081311,3.437312345881253,True,38,0.59375,False,1,0.875,0.125,0.10774302863989914,26,001111,001111,011110
seed005_pair2_B2_w6,5,40,4,31,0-1,2,B2,6,64,119.73723509669436,118.43624801071884,1.300987085975521,True,12,0.1875,False,1,0.84375,0.15625,-0.3067200935955306,57,011101,011101,111010
seed005_pair2_B3_w6,5,40,4,31,0-1,2,B3,6,64,119.73723509669436,118.9047476761628,0.8324874205315638,True,2,0.03125,False,1,0.0625,0.9375,0.05833333333333332,2,000100,000100,000000
seed005_pair1_B1_w8,5,40,4,31,0-3,1,B1,8,256,119.73723509669436,116.75354209743296,2.9836929992614074,True,89,0.34765625,False,1,0.59375,0.40625,-0.025759356442141477,243,11001111,11000011,11111000
seed005_pair1_B2_w8,5,40,4,31,0-3,1,B2,8,256,119.73723509669436,117.5531887615604,2.1840463351339565,True,85,0.33203125,False,1,0.35546875,0.64453125,0.30391751544975965,197,00001100,00000000,00110011
seed005_pair1_B3_w8,5,40,4,31,0-3,1,B3,8,256,119.73723509669436,117.65400547520748,2.083229621486879,True,113,0.44140625,False,1,0.453125,0.546875,0.15607658934328272,23,11000000,00000000,10001100
seed005_pair2_B1_w8,5,40,4,31,0-1,2,B1,8,256,119.73723509669436,116.29992275081311,3.437312345881253,True,60,0.234375,False,1,0.828125,0.171875,0.38631830610198786,58,00101111,00101111,00111110
seed005_pair2_B2_w8,5,40,4,31,0-1,2,B2,8,256,119.73723509669436,116.88616205403093,2.8510730426634296,True,30,0.1171875,False,1,0.62109375,0.37890625,0.0958901905088749,10,00011001,00011001,10011000
seed005_pair2_B3_w8,5,40,4,31,0-1,2,B3,8,256,119.73723509669436,116.88616205403093,2.8510730426634296,True,63,0.24609375,False,1,0.2734375,0.7265625,0.36025620851453416,6,11000000,11000000,01000100
seed006_pair1_B1_w6,6,50,5,38,3-4,1,B1,6,64,136.1125830881553,132.60107098028118,3.5115121078741254,True,32,0.5,False,1,0.984375,0.015625,0.5748626373626373,13,010000,010111,000111
seed006_pair1_B2_w6,6,50,5,38,3-4,1,B2,6,64,136.1125830881553,136.1125830881553,0.0,False,0,0.0,False,0,0.90625,0.09375,0.32307692307692304,3,001000,001010,001000
seed006_pair1_B3_w6,6,50,5,38,3-4,1,B3,6,64,136.1125830881553,136.1125830881553,0.0,False,0,0.0,False,0,1.0,0.0,0.19500915750915745,15,000000,100110,000000
seed006_pair2_B1_w6,6,50,5,38,2-3,2,B1,6,64,136.1125830881553,136.1125830881553,0.0,False,0,0.0,False,0,0.140625,0.859375,-0.0004578754578754579,16,001111,001001,001111
seed006_pair2_B2_w6,6,50,5,38,2-3,2,B2,6,64,136.1125830881553,133.39203412616945,2.7205489619858554,True,10,0.15625,False,1,0.03125,0.96875,0.55260989010989,38,100100,100100,011100
seed006_pair2_B3_w6,6,50,5,38,2-3,2,B3,6,64,136.1125830881553,136.1125830881553,0.0,False,0,0.0,False,0,0.03125,0.96875,0.6223112596765974,1,100000,100000,100000
seed006_pair1_B1_w8,6,50,5,38,3-4,1,B1,8,256,136.1125830881553,130.33374425617927,5.7788388319760315,True,121,0.47265625,False,1,0.88671875,0.11328125,0.24469915884641788,170,00110000,00100111,11000000
seed006_pair1_B2_w8,6,50,5,38,3-4,1,B2,8,256,136.1125830881553,135.126492706876,0.9860903812792969,True,5,0.01953125,False,1,0.81640625,0.18359375,0.15653262054487432,13,00011100,00010100,00001011
seed006_pair1_B3_w8,6,50,5,38,3-4,1,B3,8,256,136.1125830881553,135.3422394544601,0.7703436336952052,True,5,0.01953125,False,1,0.953125,0.046875,0.2568109263089181,5,11000000,01001001,01001101
seed006_pair2_B1_w8,6,50,5,38,2-3,2,B1,8,256,136.1125830881553,133.25691212112304,2.8556709670322675,True,27,0.10546875,False,1,0.1015625,0.8984375,0.278635700389105,83,10001111,10001001,00011001
seed006_pair2_B2_w8,6,50,5,38,2-3,2,B2,8,256,136.1125830881553,133.39203412616945,2.7205489619858554,True,17,0.06640625,False,1,0.02734375,0.97265625,0.5787939618401647,64,10000100,10000100,00011000
seed006_pair2_B3_w8,6,50,5,38,2-3,2,B3,8,256,136.1125830881553,136.1125830881553,0.0,False,0,0.0,False,0,0.03515625,0.96484375,0.450347174419824,1,00001001,00001001,00001001
seed007_pair1_B1_w6,7,30,3,39,0-2,1,B1,6,64,97.07690039479087,88.17511554869098,8.901784846099886,True,40,0.625,False,1,0.78125,0.21875,0.11342483980873468,16,110000,100101,100000
seed007_pair1_B2_w6,7,30,3,39,0-2,1,B2,6,64,97.07690039479087,96.0215886631948,1.0553117315960634,True,2,0.03125,False,1,0.484375,0.515625,0.2533715898678477,9,000010,000010,000011
seed007_pair1_B3_w6,7,30,3,39,0-2,1,B3,6,64,97.07690039479087,96.0215886631948,1.0553117315960634,True,3,0.046875,False,1,0.359375,0.640625,-0.1272494954201539,59,111001,101001,111011
seed007_pair2_B1_w6,7,30,3,39,0-1,2,B1,6,64,97.07690039479087,95.11983410146411,1.9570662933267613,True,3,0.046875,True,2,0.078125,0.921875,0.28694089455794686,7,001000,001000,000100
seed007_pair2_B2_w6,7,30,3,39,0-1,2,B2,6,64,97.07690039479087,97.07690039479087,0.0,False,0,0.0,False,0,0.15625,0.84375,0.2303023603981011,15,110001,010001,110001
seed007_pair2_B3_w6,7,30,3,39,0-1,2,B3,6,64,97.07690039479087,96.50212672745832,0.5747736673325505,True,4,0.0625,True,3,0.015625,0.984375,0.02030318183818858,17,111111,101001,010000
seed007_pair1_B1_w8,7,30,3,39,0-2,1,B1,8,256,97.07690039479087,88.17511554869098,8.901784846099886,True,95,0.37109375,False,1,0.58984375,0.41015625,-0.22014213170996152,240,11110000,10100101,11100000
seed007_pair1_B2_w8,7,30,3,39,0-2,1,B2,8,256,97.07690039479087,96.0215886631948,1.0553117315960634,True,3,0.01171875,False,1,0.64453125,0.35546875,-0.21462364737926776,225,10000011,10000101,10000111
seed007_pair1_B3_w8,7,30,3,39,0-2,1,B3,8,256,97.07690039479087,92.71500234952921,4.361898045261654,True,72,0.28125,False,1,0.37109375,0.62890625,-0.40245468637067605,225,00011111,10101010,11100111
seed007_pair2_B1_w8,7,30,3,39,0-1,2,B1,8,256,97.07690039479087,95.11983410146411,1.9570662933267613,True,7,0.02734375,True,2,0.17578125,0.82421875,0.3817418689915975,78,11001000,10001000,11000100
seed007_pair2_B2_w8,7,30,3,39,0-1,2,B2,8,256,97.07690039479087,96.18828947800984,0.8886109167810332,True,1,0.00390625,True,2,0.2734375,0.7265625,0.3360476769705661,18,01110100,01010100,01010110
seed007_pair2_B3_w8,7,30,3,39,0-1,2,B3,8,256,97.07690039479087,95.11983410146411,1.9570662933267613,True,2,0.0078125,True,2,0.01171875,0.98828125,0.1079219327742449,6,01000000,01000000,00010000
seed008_pair1_B1_w6,8,40,4,31,0-3,1,B1,6,64,100.01128333036147,100.01128333036147,0.0,False,0,0.0,False,0,0.0625,0.9375,0.10943223443223442,1,000000,000000,000000
seed008_pair1_B2_w6,8,40,4,31,0-3,1,B2,6,64,100.01128333036147,100.01128333036147,0.0,False,0,0.0,False,0,0.46875,0.53125,-0.026675520687029268,44,111000,101000,111000
seed008_pair1_B3_w6,8,40,4,31,0-3,1,B3,6,64,100.01128333036147,100.01128333036147,0.0,False,0,0.0,False,0,0.546875,0.453125,0.48765354523339516,16,011001,010001,011001
seed008_pair2_B1_w6,8,40,4,31,2-3,2,B1,6,64,100.01128333036147,100.01128333036147,0.0,False,0,0.0,False,0,0.75,0.25,0.5272533745871982,1,111111,111111,111111
seed008_pair2_B2_w6,8,40,4,31,2-3,2,B2,6,64,100.01128333036147,100.01128333036147,0.0,False,0,0.0,False,0,0.65625,0.34375,0.6834130867975232,1,011111,011111,011111
seed008_pair2_B3_w6,8,40,4,31,2-3,2,B3,6,64,100.01128333036147,100.01128333036147,0.0,False,0,0.0,False,0,0.5,0.5,0.6504424272682015,1,000110,000110,000110
seed008_pair1_B1_w8,8,40,4,31,0-3,1,B1,8,256,100.01128333036147,100.01128333036147,0.0,False,0,0.0,False,0,0.171875,0.828125,0.40733219844357965,1,10000000,10000000,10000000
seed008_pair1_B2_w8,8,40,4,31,0-3,1,B2,8,256,100.01128333036147,100.01128333036147,0.0,False,0,0.0,False,0,0.30859375,0.69140625,-0.3884215145962871,219,11111001,10101001,11111001
seed008_pair1_B3_w8,8,40,4,31,0-3,1,B3,8,256,100.01128333036147,100.01128333036147,0.0,False,0,0.0,False,0,0.34765625,0.65234375,0.25871712567216243,38,11000100,10000100,11000100
seed008_pair2_B1_w8,8,40,4,31,2-3,2,B1,8,256,100.01128333036147,100.01128333036147,0.0,False,0,0.0,False,0,0.35546875,0.64453125,0.1111315634831616,1,11111111,11111111,11111111
seed008_pair2_B2_w8,8,40,4,31,2-3,2,B2,8,256,100.01128333036147,100.01128333036147,0.0,False,0,0.0,False,0,0.5,0.5,0.5617267967498283,1,00000111,00000111,00000111
seed008_pair2_B3_w8,8,40,4,31,2-3,2,B3,8,256,100.01128333036147,100.01128333036147,0.0,False,0,0.0,False,0,0.234375,0.765625,0.3695224879835202,1,11000000,11000000,11000000
seed009_pair1_B1_w6,9,50,5,33,2-4,1,B1,6,64,135.6184099439711,135.07894264687783,0.5394672970932675,True,2,0.03125,False,1,0.421875,0.578125,-0.42602942692579426,46,011110,010011,001111
seed009_pair1_B2_w6,9,50,5,33,2-4,1,B2,6,64,135.6184099439711,133.01883939936715,2.5995705446039494,True,8,0.125,False,1,0.890625,0.109375,-0.5277472527472528,50,110100,011011,111111
seed009_pair1_B3_w6,9,50,5,33,2-4,1,B3,6,64,135.6184099439711,135.07894264687783,0.5394672970932675,True,1,0.015625,False,1,0.734375,0.265625,0.6320585171947662,3,100100,100111,100110
seed009_pair2_B1_w6,9,50,5,33,0-4,2,B1,6,64,135.6184099439711,131.97386851374395,3.64454143022715,True,11,0.171875,False,1,0.65625,0.34375,-0.16793982590014708,58,110000,101011,111001
seed009_pair2_B2_w6,9,50,5,33,0-4,2,B2,6,64,135.6184099439711,132.37162481445841,3.2467851295126877,True,2,0.03125,False,1,0.328125,0.671875,-0.2896821810830797,63,110011,010010,110111
seed009_pair2_B3_w6,9,50,5,33,0-4,2,B3,6,64,135.6184099439711,132.37162481445841,3.2467851295126877,True,2,0.03125,False,1,0.390625,0.609375,0.1872252747252747,61,011101,010101,011111
seed009_pair1_B1_w8,9,50,5,33,2-4,1,B1,8,256,135.6184099439711,135.07894264687783,0.5394672970932675,True,2,0.0078125,False,1,0.66015625,0.33984375,-0.10315886564666416,184,00011110,01010011,00001111
seed009_pair1_B2_w8,9,50,5,33,2-4,1,B2,8,256,135.6184099439711,133.01883939936715,2.5995705446039494,True,11,0.04296875,False,1,0.77734375,0.22265625,-0.38779898146028835,210,01110100,01011011,01111111
seed009_pair1_B3_w8,9,50,5,33,2-4,1,B3,8,256,135.6184099439711,135.07894264687783,0.5394672970932675,True,1,0.00390625,False,1,0.44140625,0.55859375,0.3673901044785727,17,10000100,11010101,11000100
seed009_pair2_B1_w8,9,50,5,33,0-4,2,B1,8,256,135.6184099439711,131.97386851374395,3.64454143022715,True,18,0.0703125,False,1,0.4921875,0.5078125,0.2349940636574295,197,11000000,10011011,11010001
seed009_pair2_B2_w8,9,50,5,33,0-4,2,B2,8,256,135.6184099439711,132.37162481445841,3.2467851295126877,True,1,0.00390625,False,1,0.05078125,0.94921875,-0.10994732849207194,256,11111011,10101010,11111111
seed009_pair2_B3_w8,9,50,5,33,0-4,2,B3,8,256,135.6184099439711,132.37162481445841,3.2467851295126877,True,2,0.0078125,False,1,0.15234375,0.84765625,-0.21512674108289917,254,11110110,10100101,11110111
seed010_pair1_B1_w6,10,30,3,36,0-2,1,B1,6,64,138.3824564428696,135.93583635369993,2.44662008916967,True,13,0.203125,False,1,0.03125,0.96875,0.4885723697271889,26,001000,001000,111000
seed010_pair1_B2_w6,10,30,3,36,0-2,1,B2,6,64,138.3824564428696,135.8633716722484,2.519084770621191,True,36,0.5625,False,1,0.09375,0.90625,0.39166666666666666,43,111000,101000,000011
seed010_pair1_B3_w6,10,30,3,36,0-2,1,B3,6,64,138.3824564428696,135.8401686200326,2.5422878228369825,True,46,0.71875,False,1,0.15625,0.84375,0.03677160871263229,6,011101,010101,001101
seed010_pair2_B1_w6,10,30,3,36,1-2,2,B1,6,64,138.3824564428696,125.18475529201996,13.197701150849639,True,63,0.984375,False,1,1.0,0.0,0.18667582417582415,5,111111,000000,100000
seed010_pair2_B2_w6,10,30,3,36,1-2,2,B2,6,64,138.3824564428696,134.6032680481861,3.7791883946835014,True,60,0.9375,False,1,0.984375,0.015625,0.17994505494505492,18,111111,001000,010001
seed010_pair2_B3_w6,10,30,3,36,1-2,2,B3,6,64,138.3824564428696,134.851315153484,3.5311412893856016,True,19,0.296875,False,1,0.671875,0.328125,0.604529227948335,5,100111,000000,000001
seed010_pair1_B1_w8,10,30,3,36,0-2,1,B1,8,256,138.3824564428696,135.18441279583578,3.1980436470338134,True,40,0.15625,False,1,0.03125,0.96875,0.34086414163226547,137,10001000,10001000,11111000
seed010_pair1_B2_w8,10,30,3,36,0-2,1,B2,8,256,138.3824564428696,135.57685518034023,2.8056012625293647,True,182,0.7109375,False,1,0.1171875,0.8828125,-0.1622531080873842,253,01111001,01010001,11101111
seed010_pair1_B3_w8,10,30,3,36,0-2,1,B3,8,256,138.3824564428696,134.78469039248614,3.5977660503834556,True,110,0.4296875,False,1,0.078125,0.921875,0.17389827156819346,229,11000001,01000001,11110111
seed010_pair2_B1_w8,10,30,3,36,1-2,2,B1,8,256,138.3824564428696,124.82710438417331,13.555352058696286,True,239,0.93359375,False,1,0.94140625,0.05859375,0.04304617761501487,18,11111111,00000000,10100000
seed010_pair2_B2_w8,10,30,3,36,1-2,2,B2,8,256,138.3824564428696,134.13101856987763,4.251437872991971,True,125,0.48828125,False,1,0.90625,0.09375,0.6914885836657249,65,00101111,00001000,00011100
seed010_pair2_B3_w8,10,30,3,36,1-2,2,B3,8,256,138.3824564428696,132.87410606314776,5.508350379721833,True,65,0.25390625,False,1,0.86328125,0.13671875,0.46584456366558974,1,11110110,00000010,00000010
seed011_pair1_B1_w6,11,40,4,36,0-3,1,B1,6,64,109.91468184729763,108.92675010668836,0.9879317406092696,True,34,0.53125,False,1,0.796875,0.203125,0.011083123716272751,27,001111,000011,011110
seed011_pair1_B2_w6,11,40,4,36,0-3,1,B2,6,64,109.91468184729763,108.9123313113333,1.0023505359643252,True,33,0.515625,False,1,0.265625,0.734375,0.21845238095238093,48,000010,000000,110101
seed011_pair1_B3_w6,11,40,4,36,0-3,1,B3,6,64,109.91468184729763,109.526405789974,0.3882760573236226,True,13,0.203125,False,1,0.453125,0.546875,0.5597985347985347,53,001001,000000,001111
seed011_pair2_B1_w6,11,40,4,36,2-3,2,B1,6,64,109.91468184729763,108.55820735975112,1.3564744875465067,True,12,0.1875,False,1,0.203125,0.796875,-0.4051748871928969,51,101100,100100,111100
seed011_pair2_B2_w6,11,40,4,36,2-3,2,B2,6,64,109.91468184729763,107.50486885402665,2.4098129932709753,True,18,0.28125,False,1,0.15625,0.84375,-0.25932073399975075,55,001010,001010,110101
seed011_pair2_B3_w6,11,40,4,36,2-3,2,B3,6,64,109.91468184729763,108.72246373993488,1.1922181073627485,True,19,0.296875,False,1,0.125,0.875,0.050284511445571445,13,000001,000001,100100
seed011_pair1_B1_w8,11,40,4,36,0-3,1,B1,8,256,109.91468184729763,108.92675010668836,0.9879317406092696,True,120,0.46875,False,1,0.796875,0.203125,-0.035899235087983275,91,00001111,00000011,00011110
seed011_pair1_B2_w8,11,40,4,36,0-3,1,B2,8,256,109.91468184729763,108.8848119508338,1.0298698964638362,True,48,0.1875,False,1,0.734375,0.265625,0.8161105885532067,53,10001111,10000100,10011010
seed011_pair1_B3_w8,11,40,4,36,0-3,1,B3,8,256,109.91468184729763,108.92675010668836,0.9879317406092696,True,52,0.203125,False,1,0.54296875,0.45703125,0.302372615934801,123,00111111,00101111,01111011
seed011_pair2_B1_w8,11,40,4,36,2-3,2,B1,8,256,109.91468184729763,108.49704982697236,1.4176320203252715,True,51,0.19921875,False,1,0.171875,0.828125,-0.48102929090864566,143,00111100,00101000,10001101
seed011_pair2_B2_w8,11,40,4,36,2-3,2,B2,8,256,109.91468184729763,107.50486885402665,2.4098129932709753,True,52,0.203125,False,1,0.08984375,0.91015625,0.12038907658685413,197,00001010,00001010,00110101
seed011_pair2_B3_w8,11,40,4,36,2-3,2,B3,8,256,109.91468184729763,108.49704982697236,1.4176320203252715,True,61,0.23828125,False,1,0.20703125,0.79296875,-0.2459235432856749,69,01100001,00100001,10100100
seed012_pair1_B1_w6,12,50,5,37,1-4,1,B1,6,64,146.02633859043374,143.65883831521526,2.3675002752184753,True,56,0.875,False,1,0.953125,0.046875,0.23136446886446885,57,110000,010111,111111
seed012_pair1_B2_w6,12,50,5,37,1-4,1,B2,6,64,146.02633859043374,142.2618724192644,3.764466171169346,True,35,0.546875,False,1,0.984375,0.015625,-0.02669413919413919,22,001000,101010,000011
seed012_pair1_B3_w6,12,50,5,37,1-4,1,B3,6,64,146.02633859043374,144.41313327836733,1.6132053120664125,True,46,0.71875,False,1,0.984375,0.015625,0.05954738493275816,17,000000,001010,111011
seed012_pair2_B1_w6,12,50,5,37,0-3,2,B1,6,64,146.02633859043374,136.50088943821456,9.525449152219181,True,30,0.46875,False,1,0.484375,0.515625,0.46941391941391936,40,110010,100000,111000
seed012_pair2_B2_w6,12,50,5,37,0-3,2,B2,6,64,146.02633859043374,143.90451409021205,2.121824500221692,True,5,0.078125,False,1,0.140625,0.859375,-0.39634586231913727,54,111011,101010,111010
seed012_pair2_B3_w6,12,50,5,37,0-3,2,B3,6,64,146.02633859043374,144.47044327937732,1.5558953110564175,True,1,0.015625,False,1,0.3125,0.6875,0.09356899198862377,25,001111,001001,001011
seed012_pair1_B1_w8,12,50,5,37,1-4,1,B1,8,256,146.02633859043374,142.47056807588424,3.5557705145494936,True,240,0.9375,False,1,0.87109375,0.12890625,0.33683980888075066,163,11110000,10010111,00000110
seed012_pair1_B2_w8,12,50,5,37,1-4,1,B2,8,256,146.02633859043374,142.2618724192644,3.764466171169346,True,146,0.5703125,False,1,0.98046875,0.01953125,0.2458273541459216,73,00001000,11101010,00000011
seed012_pair1_B3_w8,12,50,5,37,1-4,1,B3,8,256,146.02633859043374,143.65883831521526,2.3675002752184753,True,208,0.8125,False,1,0.98828125,0.01171875,0.11377359330669048,230,11000000,10001010,11110110
seed012_pair2_B1_w8,12,50,5,37,0-3,2,B1,8,256,146.02633859043374,136.50088943821456,9.525449152219181,True,68,0.265625,False,1,0.23828125,0.76171875,-0.33874283637968977,240,11110010,10100000,11111000
seed012_pair2_B2_w8,12,50,5,37,0-3,2,B2,8,256,146.02633859043374,143.90451409021205,2.121824500221692,True,5,0.01953125,False,1,0.31640625,0.68359375,0.22533387836859228,85,00011111,00010101,00011011
seed012_pair2_B3_w8,12,50,5,37,0-3,2,B3,8,256,146.02633859043374,143.90451409021205,2.121824500221692,True,5,0.01953125,False,1,0.31640625,0.68359375,0.6992439254955386,25,11110000,10010000,11010000
seed013_pair1_B1_w6,13,30,3,33,0-2,1,B1,6,64,79.42098520667398,78.70951249624258,0.7114727104313943,True,5,0.078125,False,1,0.109375,0.890625,-0.5614468864468865,56,101111,101001,011110
seed013_pair1_B2_w6,13,30,3,33,0-2,1,B2,6,64,79.42098520667398,78.36077453514794,1.0602106715260362,True,8,0.125,False,1,0.0625,0.9375,0.4938619814114369,13,000111,000101,010001
seed013_pair1_B3_w6,13,30,3,33,0-2,1,B3,6,64,79.42098520667398,78.19092505242692,1.230060154247056,True,5,0.078125,False,1,0.015625,0.984375,0.7229711034568646,13,011001,001001,001101
seed013_pair2_B1_w6,13,30,3,33,1-2,2,B1,6,64,79.42098520667398,77.57543189240837,1.8455533142656009,True,1,0.015625,True,3,0.5,0.5,0.4869561236139046,51,111111,111111,111000
seed013_pair2_B2_w6,13,30,3,33,1-2,2,B2,6,64,79.42098520667398,77.57543189240837,1.8455533142656009,True,1,0.015625,True,3,0.5,0.5,0.48360208450138104,8,000111,000111,000000
seed013_pair2_B3_w6,13,30,3,33,1-2,2,B3,6,64,79.42098520667398,79.42098520667398,0.0,False,0,0.0,False,0,0.453125,0.546875,0.1767487746635619,1,000101,000101,000101
seed013_pair1_B1_w8,13,30,3,33,0-2,1,B1,8,256,79.42098520667398,78.18215666203677,1.238828544637201,True,24,0.09375,False,1,0.1015625,0.8984375,0.01960999948479377,142,01101111,00101001,00011111
seed013_pair1_B2_w8,13,30,3,33,0-2,1,B2,8,256,79.42098520667398,78.972706247482,0.44827895919198113,True,4,0.015625,False,1,0.0546875,0.9453125,0.06412973967714466,42,11000110,01000100,11010110
seed013_pair1_B3_w8,13,30,3,33,0-2,1,B3,8,256,79.42098520667398,77.70012784762122,1.7208573590527578,True,63,0.24609375,False,1,0.11328125,0.88671875,-0.712337071081287,231,01111011,01010010,11101100
seed013_pair2_B1_w8,13,30,3,33,1-2,2,B1,8,256,79.42098520667398,77.57543189240837,1.8455533142656009,True,1,0.00390625,True,3,0.67578125,0.32421875,0.6001122267038879,51,00111111,00111111,00111000
seed013_pair2_B2_w8,13,30,3,33,1-2,2,B2,8,256,79.42098520667398,79.42098520667398,0.0,False,0,0.0,False,0,0.32421875,0.67578125,0.3442592581411872,1,10000101,10000101,10000101
seed013_pair2_B3_w8,13,30,3,33,1-2,2,B3,8,256,79.42098520667398,77.57543189240837,1.8455533142656009,True,1,0.00390625,True,3,0.57421875,0.42578125,0.47798175997862974,27,11111011,11111011,11001001
seed014_pair1_B1_w6,14,40,4,36,0-3,1,B1,6,64,98.36619942375684,97.77076836315257,0.5954310606042696,True,1,0.015625,False,1,0.546875,0.453125,-0.313373550541943,30,011110,010000,010110
seed014_pair1_B2_w6,14,40,4,36,0-3,1,B2,6,64,98.36619942375684,95.63208391143061,2.734115512326227,True,2,0.03125,False,1,0.3125,0.6875,0.7690388328250258,4,001100,011100,000100
seed014_pair1_B3_w6,14,40,4,36,0-3,1,B3,6,64,98.36619942375684,98.36619942375684,0.0,False,0,0.0,False,0,0.015625,0.984375,0.15280649818376404,1,000000,000000,000000
seed014_pair2_B1_w6,14,40,4,36,1-3,2,B1,6,64,98.36619942375684,98.36619942375684,0.0,False,0,0.0,False,0,0.015625,0.984375,0.15394127668259305,1,000000,000000,000000
seed014_pair2_B2_w6,14,40,4,36,1-3,2,B2,6,64,98.36619942375684,98.36619942375684,0.0,False,0,0.0,False,0,0.640625,0.359375,0.40440203319233614,1,111000,111000,111000
seed014_pair2_B3_w6,14,40,4,36,1-3,2,B3,6,64,98.36619942375684,98.36619942375684,0.0,False,0,0.0,False,0,0.25,0.75,0.4410714285714285,8,111111,101111,111111
seed014_pair1_B1_w8,14,40,4,36,0-3,1,B1,8,256,98.36619942375684,95.19810602119517,3.1680934025616665,True,16,0.0625,False,1,0.21875,0.78125,-0.4488701997527753,211,11111110,00100000,01101110
seed014_pair1_B2_w8,14,40,4,36,0-3,1,B2,8,256,98.36619942375684,98.36619942375684,0.0,False,0,0.0,False,0,0.140625,0.859375,0.3722507378736789,25,00000110,00000000,00000110
seed014_pair1_B3_w8,14,40,4,36,0-3,1,B3,8,256,98.36619942375684,97.77076836315257,0.5954310606042696,True,1,0.00390625,False,1,0.4375,0.5625,-0.22246736013001034,36,11110010,10000000,11010010
seed014_pair2_B1_w8,14,40,4,36,1-3,2,B1,8,256,98.36619942375684,98.36619942375684,0.0,False,0,0.0,False,0,0.140625,0.859375,0.22203845319448773,3,11000000,10000000,11000000
seed014_pair2_B2_w8,14,40,4,36,1-3,2,B2,8,256,98.36619942375684,98.36619942375684,0.0,False,0,0.0,False,0,0.296875,0.703125,0.14179303044174865,3,11111011,11111010,11111011
seed014_pair2_B3_w8,14,40,4,36,1-3,2,B3,8,256,98.36619942375684,98.36619942375684,0.0,False,0,0.0,False,0,0.12109375,0.87890625,0.4280591954680704,32,11111111,11111001,11111111
seed015_pair1_B1_w6,15,50,5,36,0-4,1,B1,6,64,190.10286453154825,189.51064920792413,0.5922153236241172,True,1,0.015625,True,2,0.046875,0.953125,0.05020949252863147,46,001101,000101,000111
seed015_pair1_B2_w6,15,50,5,36,0-4,1,B2,6,64,190.10286453154825,190.10286453154825,0.0,False,0,0.0,False,0,0.0625,0.9375,-0.027018363583263972,4,110101,010101,110101
seed015_pair1_B3_w6,15,50,5,36,0-4,1,B3,6,64,190.10286453154825,190.10286453154825,0.0,False,0,0.0,False,0,0.078125,0.921875,-0.11875290687526839,57,011111,010101,011111
seed015_pair2_B1_w6,15,50,5,36,0-3,2,B1,6,64,190.10286453154825,189.03278833776068,1.0700761937875711,True,2,0.03125,False,1,0.28125,0.71875,0.6114473034823752,10,100000,100001,110000
seed015_pair2_B2_w6,15,50,5,36,0-3,2,B2,6,64,190.10286453154825,188.70088170904995,1.4019828224982973,True,11,0.171875,False,1,0.59375,0.40625,0.23310973242675978,24,011001,010001,001011
seed015_pair2_B3_w6,15,50,5,36,0-3,2,B3,6,64,190.10286453154825,189.11248531353112,0.9903792180171251,True,5,0.078125,False,1,0.15625,0.84375,-0.46822344322344317,57,111011,101010,001111
seed015_pair1_B1_w8,15,50,5,36,0-4,1,B1,8,256,190.10286453154825,189.51064920792413,0.5922153236241172,True,3,0.01171875,True,2,0.0390625,0.9609375,-0.08019999124507864,185,11001101,10000101,11000111
seed015_pair1_B2_w8,15,50,5,36,0-4,1,B2,8,256,190.10286453154825,190.10286453154825,0.0,False,0,0.0,False,0,0.15625,0.84375,0.15667482870648428,26,10000111,10000101,10000111
seed015_pair1_B3_w8,15,50,5,36,0-4,1,B3,8,256,190.10286453154825,189.51064920792413,0.5922153236241172,True,1,0.00390625,True,2,0.01171875,0.98828125,-0.12512006036236964,251,01101111,00101001,00111111
seed015_pair2_B1_w8,15,50,5,36,0-3,2,B1,8,256,190.10286453154825,188.02003873128834,2.0828258002599114,True,15,0.05859375,False,1,0.25390625,0.74609375,0.4639391154230781,93,11000000,10100001,00010010
seed015_pair2_B2_w8,15,50,5,36,0-3,2,B2,8,256,190.10286453154825,187.90381458683868,2.1990499447095715,True,19,0.07421875,False,1,0.25390625,0.74609375,-0.5322635328450445,227,11011110,10010100,11111001
seed015_pair2_B3_w8,15,50,5,36,0-3,2,B3,8,256,190.10286453154825,189.03189378031624,1.0709707512320108,True,36,0.140625,False,1,0.29296875,0.70703125,-0.21698114557106882,73,10101111,10100101,01110101
seed016_pair1_B1_w6,16,30,3,37,0-1,1,B1,6,64,74.09519354660955,72.55455302968726,1.540640516922295,True,50,0.78125,False,1,0.96875,0.03125,0.21776556776556777,59,101111,101111,111011
seed016_pair1_B2_w6,16,30,3,37,0-1,1,B2,6,64,74.09519354660955,72.5717087145646,1.5234848320449572,True,12,0.1875,False,1,0.796875,0.203125,0.3891560232721648,8,100111,100111,000101
seed016_pair1_B3_w6,16,30,3,37,0-1,1,B3,6,64,74.09519354660955,71.91800597969069,2.1771875669188603,True,53,0.828125,False,1,0.9375,0.0625,-0.28920738159354137,3,111111,001111,011111
seed016_pair2_B1_w6,16,30,3,37,0-2,2,B1,6,64,74.09519354660955,71.31034353308966,2.784850013519886,True,15,0.234375,True,2,0.828125,0.171875,0.827701465201465,14,101110,001110,000000
seed016_pair2_B2_w6,16,30,3,37,0-2,2,B2,6,64,74.09519354660955,73.41056216594963,0.6846313806599227,True,9,0.140625,False,1,0.953125,0.046875,0.6712684734432145,14,111101,111101,100101
seed016_pair2_B3_w6,16,30,3,37,0-2,2,B3,6,64,74.09519354660955,73.4805624649916,0.6146310816179437,True,2,0.03125,False,1,0.5,0.5,0.5052091746254196,3,100110,100110,100010
seed016_pair1_B1_w8,16,30,3,37,0-1,1,B1,8,256,74.09519354660955,72.34196988308278,1.753223663526768,True,192,0.75,False,1,0.94921875,0.05078125,0.018691023923953984,246,11011111,11011111,01110011
seed016_pair1_B2_w8,16,30,3,37,0-1,1,B2,8,256,74.09519354660955,71.91800597969069,2.1771875669188603,True,32,0.125,False,1,0.90625,0.09375,0.2926751548004528,12,11100111,00100111,01100111
seed016_pair1_B3_w8,16,30,3,37,0-1,1,B3,8,256,74.09519354660955,69.50300360240941,4.592189944200143,True,243,0.94921875,False,1,0.88671875,0.11328125,-0.3231239303469569,234,11110111,11110110,01111111
seed016_pair2_B1_w8,16,30,3,37,0-2,2,B1,8,256,74.09519354660955,71.31034353308966,2.784850013519886,True,41,0.16015625,False,1,0.9375,0.0625,0.7264012073701074,24,11101110,11101110,10100000
seed016_pair2_B2_w8,16,30,3,37,0-2,2,B2,8,256,74.09519354660955,73.41056216594963,0.6846313806599227,True,4,0.015625,False,1,0.7734375,0.2265625,0.2702391746820619,5,00111101,00110101,00110100
seed016_pair2_B3_w8,16,30,3,37,0-2,2,B3,8,256,74.09519354660955,72.1588864488335,1.9363070977760515,True,10,0.0390625,False,1,0.4296875,0.5703125,0.6289509937614443,8,11110000,11110000,10000000
seed017_pair1_B1_w6,17,40,4,34,0-3,1,B1,6,64,151.01350043079483,150.25983071621152,0.7536697145833102,True,21,0.328125,False,1,0.0625,0.9375,0.25736635270686137,16,000011,000001,100000
seed017_pair1_B2_w6,17,40,4,34,0-3,1,B2,6,64,151.01350043079483,149.2032445238838,1.8102559069110384,True,11,0.171875,False,1,0.015625,0.984375,0.6078105973639565,11,010000,010000,000001
seed017_pair1_B3_w6,17,40,4,34,0-3,1,B3,6,64,151.01350043079483,150.4670605357229,0.5464398950719271,True,2,0.03125,False,1,0.15625,0.84375,0.07677952117188397,45,111000,101000,111100
seed017_pair2_B1_w6,17,40,4,34,2-3,2,B1,6,64,151.01350043079483,151.00909945118465,0.004400979610181821,True,1,0.015625,False,1,0.53125,0.46875,0.2430550927794681,9,011111,011011,011110
seed017_pair2_B2_w6,17,40,4,34,2-3,2,B2,6,64,151.01350043079483,151.00909945118465,0.004400979610181821,True,1,0.015625,False,1,0.4375,0.5625,0.686339422226632,3,000111,000111,000101
seed017_pair2_B3_w6,17,40,4,34,2-3,2,B3,6,64,151.01350043079483,151.00909945118465,0.004400979610181821,True,1,0.015625,False,1,0.78125,0.21875,0.09946535194366565,2,110111,110111,110011
seed017_pair1_B1_w8,17,40,4,34,0-3,1,B1,8,256,151.01350043079483,150.19346157512254,0.8200388556722942,True,78,0.3046875,False,1,0.0234375,0.9765625,0.43671180260227715,50,00000101,00000101,00001011
seed017_pair1_B2_w8,17,40,4,34,0-3,1,B2,8,256,151.01350043079483,149.2032445238838,1.8102559069110384,True,9,0.03515625,False,1,0.0859375,0.9140625,0.32661865722341316,116,11101000,10101000,11100001
seed017_pair1_B3_w8,17,40,4,34,0-3,1,B3,8,256,151.01350043079483,150.4670605357229,0.5464398950719271,True,3,0.01171875,False,1,0.15625,0.84375,-0.14539189169313127,111,00001111,00001001,10001111
seed017_pair2_B1_w8,17,40,4,34,2-3,2,B1,8,256,151.01350043079483,148.73568461273055,2.2778158180642833,True,16,0.0625,False,1,0.42578125,0.57421875,0.04159122599361346,165,01111111,01011011,10110010
seed017_pair2_B2_w8,17,40,4,34,2-3,2,B2,8,256,151.01350043079483,151.00909945118465,0.004400979610181821,True,1,0.00390625,False,1,0.59375,0.40625,0.4645428009397115,2,11000111,11000111,11000011
seed017_pair2_B3_w8,17,40,4,34,2-3,2,B3,8,256,151.01350043079483,150.3659417629031,0.6475586678917296,True,6,0.0234375,False,1,0.78515625,0.21484375,-0.13810511558709085,249,10110111,10100111,11111010
seed018_pair1_B1_w6,18,50,5,35,1-3,1,B1,6,64,126.50029822430434,126.50029822430434,0.0,False,0,0.0,False,0,0.0625,0.9375,0.49867198345754743,5,001100,001000,001100
seed018_pair1_B2_w6,18,50,5,35,1-3,1,B2,6,64,126.50029822430434,126.3719099106947,0.12838831360964775,True,1,0.015625,True,2,0.046875,0.953125,0.17048654948584063,42,011110,010100,111010
seed018_pair1_B3_w6,18,50,5,35,1-3,1,B3,6,64,126.50029822430434,126.50029822430434,0.0,False,0,0.0,False,0,0.015625,0.984375,0.5032513671157278,4,001100,001000,001100
seed018_pair2_B1_w6,18,50,5,35,0-4,2,B1,6,64,126.50029822430434,120.8556061906787,5.644692033625645,True,60,0.9375,False,1,0.796875,0.203125,-0.2450091575091575,62,101100,101011,111111
seed018_pair2_B2_w6,18,50,5,35,0-4,2,B2,6,64,126.50029822430434,123.03396446939499,3.466333754909357,True,54,0.84375,False,1,0.890625,0.109375,-0.22728937728937726,63,001010,101010,111111
seed018_pair2_B3_w6,18,50,5,35,0-4,2,B3,6,64,126.50029822430434,122.41341970800765,4.086878516296693,True,63,0.984375,False,1,0.984375,0.015625,0.6698107808449463,10,000000,111111,101111
seed018_pair1_B1_w8,18,50,5,35,1-3,1,B1,8,256,126.50029822430434,126.20001226771959,0.30028595658475865,True,3,0.01171875,True,2,0.046875,0.953125,0.4528060718352907,18,01001100,01001000,10101000
seed018_pair1_B2_w8,18,50,5,35,1-3,1,B2,8,256,126.50029822430434,126.50029822430434,0.0,False,0,0.0,False,0,0.0390625,0.9609375,0.4311155530809205,3,10011000,10010000,10011000
seed018_pair1_B3_w8,18,50,5,35,1-3,1,B3,8,256,126.50029822430434,126.50029822430434,0.0,False,0,0.0,False,0,0.0390625,0.9609375,-0.10484844952391995,18,01101011,00101001,01101011
seed018_pair2_B1_w8,18,50,5,35,0-4,2,B1,8,256,126.50029822430434,120.49478731199315,6.005510912311195,True,251,0.98046875,False,1,0.93359375,0.06640625,-0.32877088578622105,217,00101100,10101011,10111111
seed018_pair2_B2_w8,18,50,5,35,0-4,2,B2,8,256,126.50029822430434,123.0313231910111,3.4689750332932476,True,150,0.5859375,False,1,0.94921875,0.05078125,-0.31392262371887264,244,00011000,10010111,00111111
seed018_pair2_B3_w8,18,50,5,35,0-4,2,B3,8,256,126.50029822430434,121.97712708741793,4.523171136886418,True,254,0.9921875,False,1,0.97265625,0.02734375,-0.027781349148397395,142,01000000,01011111,10001000
seed019_pair1_B1_w6,19,30,3,31,0-2,1,B1,6,64,122.38370724797957,109.81532719902499,12.56838004895458,True,18,0.28125,False,1,0.5,0.5,-0.2974816849816849,54,011110,010101,111000
seed019_pair1_B2_w6,19,30,3,31,0-2,1,B2,6,64,122.38370724797957,122.12100592325774,0.2627013247218315,True,5,0.078125,True,2,0.75,0.25,0.21830381924193487,38,000110,000100,010111
seed019_pair1_B3_w6,19,30,3,31,0-2,1,B3,6,64,122.38370724797957,122.12100592325774,0.2627013247218315,True,2,0.03125,True,2,0.78125,0.21875,0.5798289612134608,1,001000,001011,001011
seed019_pair2_B1_w6,19,30,3,31,1-2,2,B1,6,64,122.38370724797957,120.83168892615228,1.5520183218272905,True,10,0.15625,False,1,0.546875,0.453125,0.43366543266484586,21,000001,010001,010000
seed019_pair2_B2_w6,19,30,3,31,1-2,2,B2,6,64,122.38370724797957,121.81630791587494,0.5673993321046282,True,2,0.03125,False,1,0.640625,0.359375,0.5101276902195762,9,001000,001000,001100
seed019_pair2_B3_w6,19,30,3,31,1-2,2,B3,6,64,122.38370724797957,121.81630791587494,0.5673993321046282,True,1,0.015625,False,1,0.640625,0.359375,-0.5810048192324246,53,111000,101001,111001
seed019_pair1_B1_w8,19,30,3,31,0-2,1,B1,8,256,122.38370724797957,109.07121765855776,13.312489589421816,True,75,0.29296875,False,1,0.8515625,0.1484375,-0.21008740558480196,207,00011110,00010101,01111000
seed019_pair1_B2_w8,19,30,3,31,0-2,1,B2,8,256,122.38370724797957,122.12100592325774,0.2627013247218315,True,4,0.015625,True,2,0.671875,0.328125,0.003651596235672448,97,11000000,01000011,11000011
seed019_pair1_B3_w8,19,30,3,31,0-2,1,B3,8,256,122.38370724797957,122.12100592325774,0.2627013247218315,True,2,0.0078125,True,2,0.7421875,0.2578125,-0.05311488836257723,249,00001011,00001010,00011111
seed019_pair2_B1_w8,19,30,3,31,1-2,2,B1,8,256,122.38370724797957,120.83168892615228,1.5520183218272905,True,20,0.078125,False,1,0.52734375,0.47265625,0.5199388141447526,21,10000001,10010001,10010000
seed019_pair2_B2_w8,19,30,3,31,1-2,2,B2,8,256,122.38370724797957,122.38370724797957,0.0,False,0,0.0,False,0,0.49609375,0.50390625,-0.553430348605169,215,11110100,01010100,11110100
seed019_pair2_B3_w8,19,30,3,31,1-2,2,B3,8,256,122.38370724797957,120.83168892615228,1.5520183218272905,True,20,0.078125,False,1,0.6953125,0.3046875,-0.47753610049385137,242,00011111,10010101,10001111
seed020_pair1_B1_w6,20,40,4,33,1-3,1,B1,6,64,121.93891732789498,121.46000650506029,0.4789108228346919,True,34,0.53125,False,1,0.875,0.125,0.07014812612017207,58,010010,010010,100111
seed020_pair1_B2_w6,20,40,4,33,1-3,1,B2,6,64,121.93891732789498,121.54874407987424,0.39017324802074427,True,10,0.15625,False,1,0.671875,0.328125,0.6633374405948734,7,000000,001110,001010
seed020_pair1_B3_w6,20,40,4,33,1-3,1,B3,6,64,121.93891732789498,120.80201890423417,1.13689842366081,True,13,0.203125,False,1,0.828125,0.171875,0.6073260073260073,4,110000,010110,010100
seed020_pair2_B1_w6,20,40,4,33,0-2,2,B1,6,64,121.93891732789498,121.93891732789498,0.0,False,0,0.0,False,0,0.359375,0.640625,0.5989299074164531,1,111111,111111,111111
seed020_pair2_B2_w6,20,40,4,33,0-2,2,B2,6,64,121.93891732789498,121.93891732789498,0.0,False,0,0.0,False,0,0.53125,0.46875,0.1484534197700166,1,000111,000111,000111
seed020_pair2_B3_w6,20,40,4,33,0-2,2,B3,6,64,121.93891732789498,121.93891732789498,0.0,False,0,0.0,False,0,0.046875,0.953125,0.1682253688911599,1,100000,100000,100000
seed020_pair1_B1_w8,20,40,4,33,1-3,1,B1,8,256,121.93891732789498,121.46000650506029,0.4789108228346919,True,94,0.3671875,False,1,0.8125,0.1875,-0.28140188988652093,243,00100110,10100010,01001111
seed020_pair1_B2_w8,20,40,4,33,1-3,1,B2,8,256,121.93891732789498,121.6486556289907,0.2902616989042883,True,3,0.01171875,False,1,0.67578125,0.32421875,-0.1806926758213983,86,11000100,01000100,11000101
seed020_pair1_B3_w8,20,40,4,33,1-3,1,B3,8,256,121.93891732789498,120.54118569807537,1.3977316298196172,True,105,0.41015625,False,1,0.67578125,0.32421875,0.28628866503759204,124,00101000,10101000,10110010
seed020_pair2_B1_w8,20,40,4,33,0-2,2,B1,8,256,121.93891732789498,121.93891732789498,0.0,False,0,0.0,False,0,0.27734375,0.72265625,0.41320024902612124,1,11111111,11111111,11111111
seed020_pair2_B2_w8,20,40,4,33,0-2,2,B2,8,256,121.93891732789498,121.93891732789498,0.0,False,0,0.0,False,0,0.3125,0.6875,0.33220784879992593,1,00000111,00000111,00000111
seed020_pair2_B3_w8,20,40,4,33,0-2,2,B3,8,256,121.93891732789498,121.93891732789498,0.0,False,0,0.0,False,0,0.14453125,0.85546875,0.5341520699672109,1,11000000,11000000,11000000
seed021_pair1_B1_w6,21,50,5,39,0-2,1,B1,6,64,132.3247656791308,132.2734697994204,0.05129587971038063,True,2,0.03125,False,1,0.8125,0.1875,0.11745712385305272,1,000110,000100,000100
seed021_pair1_B2_w6,21,50,5,39,0-2,1,B2,6,64,132.3247656791308,132.04386497837726,0.28090070075353424,True,1,0.015625,True,3,0.59375,0.40625,-0.29999427672059364,63,110100,100100,111111
seed021_pair1_B3_w6,21,50,5,39,0-2,1,B3,6,64,132.3247656791308,130.04035891762626,2.2844067615045276,True,30,0.46875,False,1,0.984375,0.015625,0.4219780219780219,20,100000,101010,001111
seed021_pair2_B1_w6,21,50,5,39,2-3,2,B1,6,64,132.3247656791308,128.9763627826897,3.348402896441087,True,28,0.4375,False,1,0.9375,0.0625,0.13663003663003662,61,010111,000011,111111
seed021_pair2_B2_w6,21,50,5,39,2-3,2,B2,6,64,132.3247656791308,130.6021782688022,1.7225874103286003,True,39,0.609375,False,1,0.953125,0.046875,0.27954256687386253,12,111101,000000,110000
seed021_pair2_B3_w6,21,50,5,39,2-3,2,B3,6,64,132.3247656791308,131.17337673387857,1.1513889452522221,True,37,0.578125,False,1,0.703125,0.296875,0.013143433083684115,4,010101,000000,010100
seed021_pair1_B1_w8,21,50,5,39,0-2,1,B1,8,256,132.3247656791308,131.49912157789868,0.8256441012321147,True,29,0.11328125,False,1,0.65625,0.34375,0.002628115263337824,161,11000110,10000100,00100000
seed021_pair1_B2_w8,21,50,5,39,0-2,1,B2,8,256,132.3247656791308,131.01103985682627,1.3137258223045194,True,8,0.03125,False,1,0.6953125,0.3046875,0.6923572433479833,20,00000000,00011000,00011101
seed021_pair1_B3_w8,21,50,5,39,0-2,1,B3,8,256,132.3247656791308,131.03537497743423,1.2893907016965613,True,24,0.09375,False,1,0.6875,0.3125,-0.11661633559310602,162,11101000,10101010,11110011
seed021_pair2_B1_w8,21,50,5,39,2-3,2,B1,8,256,132.3247656791308,128.9763627826897,3.348402896441087,True,105,0.41015625,False,1,0.96875,0.03125,0.0696018825818265,250,01110111,00100011,11111111
seed021_pair2_B2_w8,21,50,5,39,2-3,2,B2,8,256,132.3247656791308,130.70687302541015,1.617892653720645,True,134,0.5234375,False,1,0.84375,0.15625,0.23826525268474671,103,00111111,00000010,10110011
seed021_pair2_B3_w8,21,50,5,39,2-3,2,B3,8,256,132.3247656791308,130.6021782688022,1.7225874103286003,True,176,0.6875,False,1,0.94921875,0.05078125,0.19453974898068713,18,11010111,00010000,00010101
seed022_pair1_B1_w6,22,30,3,33,0-2,1,B1,6,64,85.99990035726037,83.47208912130291,2.527811235957458,True,12,0.1875,False,1,0.0625,0.9375,-0.08507326007326006,64,111011,101001,111111
seed022_pair1_B2_w6,22,30,3,33,0-2,1,B2,6,64,85.99990035726037,83.77456346621376,2.2253368910466094,True,37,0.578125,False,1,0.53125,0.46875,0.06883523023831903,41,000111,000101,011001
seed022_pair1_B3_w6,22,30,3,33,0-2,1,B3,6,64,85.99990035726037,84.35248022874461,1.647420128515762,True,18,0.28125,False,1,0.59375,0.40625,-0.38031135531135524,54,010111,010101,101110
seed022_pair2_B1_w6,22,30,3,33,0-1,2,B1,6,64,85.99990035726037,85.99990035726037,0.0,False,0,0.0,False,0,0.34375,0.65625,0.7077922613185171,1,000000,000000,000000
seed022_pair2_B2_w6,22,30,3,33,0-1,2,B2,6,64,85.99990035726037,85.99990035726037,0.0,False,0,0.0,False,0,0.578125,0.421875,-0.14146364040243983,57,111000,101000,111000
seed022_pair2_B3_w6,22,30,3,33,0-1,2,B3,6,64,85.99990035726037,85.99990035726037,0.0,False,0,0.0,False,0,0.296875,0.703125,-0.028755566256639747,32,110011,010010,110011
seed022_pair1_B1_w8,22,30,3,33,0-2,1,B1,8,256,85.99990035726037,82.94073184076673,3.059168516493642,True,39,0.15234375,False,1,0.265625,0.734375,-0.30849093041886005,179,01111011,01010101,10110111
seed022_pair1_B2_w8,22,30,3,33,0-2,1,B2,8,256,85.99990035726037,84.35248022874461,1.647420128515762,True,128,0.5,False,1,0.2265625,0.7734375,0.14037949255202462,51,00000110,00000101,01000001
seed022_pair1_B3_w8,22,30,3,33,0-2,1,B3,8,256,85.99990035726037,84.1810311315854,1.8188692256749732,True,60,0.234375,False,1,0.60546875,0.39453125,0.06561883297511001,108,01110100,01010101,01101001
seed022_pair2_B1_w8,22,30,3,33,0-1,2,B1,8,256,85.99990035726037,85.99990035726037,0.0,False,0,0.0,False,0,0.34375,0.65625,0.12711282634695323,1,10000000,10000000,10000000
seed022_pair2_B2_w8,22,30,3,33,0-1,2,B2,8,256,85.99990035726037,85.99990035726037,0.0,False,0,0.0,False,0,0.20703125,0.79296875,-0.21233576924029365,216,11111001,10101001,11111001
seed022_pair2_B3_w8,22,30,3,33,0-1,2,B3,8,256,85.99990035726037,85.43294930014454,0.5669510571158298,True,16,0.0625,False,1,0.3125,0.6875,0.3051389272388322,45,00000100,00000100,01001101
seed023_pair1_B1_w6,23,40,4,37,0-3,1,B1,6,64,147.3435898567698,144.0538659325974,3.2897239241723923,True,29,0.453125,False,1,0.125,0.875,0.3132383931077691,11,000111,000101,000110
seed023_pair1_B2_w6,23,40,4,37,0-3,1,B2,6,64,147.3435898567698,140.0177109209402,7.325878935829593,True,24,0.375,False,1,0.140625,0.859375,0.14416890233108104,32,110001,010001,111000
seed023_pair1_B3_w6,23,40,4,37,0-3,1,B3,6,64,147.3435898567698,144.0538659325974,3.2897239241723923,True,23,0.359375,False,1,0.0625,0.9375,0.32421850075180725,5,100100,100100,100000
seed023_pair2_B1_w6,23,40,4,37,1-3,2,B1,6,64,147.3435898567698,142.40990573731546,4.933684119454341,True,16,0.25,False,1,0.796875,0.203125,0.2549771626075085,5,011111,010011,010010
seed023_pair2_B2_w6,23,40,4,37,1-3,2,B2,6,64,147.3435898567698,145.76347366677675,1.5801161899930491,True,13,0.203125,False,1,0.75,0.25,0.4886543235896066,11,011111,001011,001110
seed023_pair2_B3_w6,23,40,4,37,1-3,2,B3,6,64,147.3435898567698,146.49464340838554,0.8489464483842539,True,2,0.03125,False,1,0.59375,0.40625,0.6571135572592753,2,000111,000111,000110
seed023_pair1_B1_w8,23,40,4,37,0-3,1,B1,8,256,147.3435898567698,143.10996571877016,4.233624137999641,True,109,0.42578125,False,1,0.078125,0.921875,0.24475832602340034,17,00000111,00000101,10000100
seed023_pair1_B2_w8,23,40,4,37,0-3,1,B2,8,256,147.3435898567698,140.0177109209402,7.325878935829593,True,145,0.56640625,False,1,0.046875,0.953125,0.015211885974457277,126,00110111,00010101,00111110
seed023_pair1_B3_w8,23,40,4,37,0-3,1,B3,8,256,147.3435898567698,142.4962213891606,4.847368467609186,True,151,0.58984375,False,1,0.0625,0.9375,0.3993105482037542,11,00001111,00000101,00000001
seed023_pair2_B1_w8,23,40,4,37,1-3,2,B1,8,256,147.3435898567698,142.40990573731546,4.933684119454341,True,45,0.17578125,False,1,0.49609375,0.50390625,0.07537337990553267,5,11011111,11010011,11010010
seed023_pair2_B2_w8,23,40,4,37,1-3,2,B2,8,256,147.3435898567698,145.17466965747198,2.1689201992978155,True,12,0.046875,False,1,0.53515625,0.46484375,0.5138826079243607,28,01000111,00000111,11000100
seed023_pair2_B3_w8,23,40,4,37,1-3,2,B3,8,256,147.3435898567698,142.57204879296506,4.771541063804733,True,78,0.3046875,False,1,0.7421875,0.2578125,-0.3939471155839675,206,11110101,11110001,01101110
seed024_pair1_B1_w6,24,50,5,34,0-3,1,B1,6,64,110.10429330461275,109.70876471833503,0.39552858627772025,True,1,0.015625,True,2,0.03125,0.96875,0.13032725518575222,4,000001,000001,100000
seed024_pair1_B2_w6,24,50,5,34,0-3,1,B2,6,64,110.10429330461275,110.10429330461275,0.0,False,0,0.0,False,0,0.046875,0.953125,0.37695328272325546,1,101000,101000,101000
seed024_pair1_B3_w6,24,50,5,34,0-3,1,B3,6,64,110.10429330461275,110.02101350320206,0.08327980141069702,True,1,0.015625,True,4,0.0625,0.9375,0.1740623728474345,27,101100,100100,010101
seed024_pair2_B1_w6,24,50,5,34,1-4,2,B1,6,64,110.10429330461275,110.0759068281959,0.028386476416855544,True,1,0.015625,True,3,1.0,0.0,0.5326923076923077,13,101000,101000,111011
seed024_pair2_B2_w6,24,50,5,34,1-4,2,B2,6,64,110.10429330461275,110.10429330461275,0.0,False,0,0.0,False,0,0.921875,0.078125,-0.012087912087912085,49,001110,000110,001110
seed024_pair2_B3_w6,24,50,5,34,1-4,2,B3,6,64,110.10429330461275,110.10429330461275,0.0,False,0,0.0,False,0,1.0,0.0,0.960164835164835,1,010001,010001,010001
seed024_pair1_B1_w8,24,50,5,34,0-3,1,B1,8,256,110.10429330461275,109.50604766856382,0.5982456360489294,True,7,0.02734375,True,2,0.03515625,0.96484375,0.36642204200994133,56,11000001,01000001,10010000
seed024_pair1_B2_w8,24,50,5,34,0-3,1,B2,8,256,110.10429330461275,107.2620086168266,2.8422846877861474,True,16,0.0625,True,2,0.0859375,0.9140625,0.4650639564731628,124,01001110,01001010,10010000
seed024_pair1_B3_w8,24,50,5,34,0-3,1,B3,8,256,110.10429330461275,108.54322021054574,1.5610730940670123,True,2,0.0078125,True,2,0.07421875,0.92578125,0.27549571626217856,15,00101001,00101001,00001010
seed024_pair2_B1_w8,24,50,5,34,1-4,2,B1,8,256,110.10429330461275,110.0759068281959,0.028386476416855544,True,1,0.00390625,True,3,1.0,0.0,0.3621130407415884,16,00101000,00101000,00111011
seed024_pair2_B2_w8,24,50,5,34,1-4,2,B2,8,256,110.10429330461275,110.10429330461275,0.0,False,0,0.0,False,0,0.98828125,0.01171875,0.2322578107118333,1,00111001,00111001,00111001
seed024_pair2_B3_w8,24,50,5,34,1-4,2,B3,8,256,110.10429330461275,110.10429330461275,0.0,False,0,0.0,False,0,1.0,0.0,0.1991345273517967,1,00100000,00100000,00100000
seed025_pair1_B1_w6,25,30,3,33,1-2,1,B1,6,64,123.33628075675689,122.51145304913676,0.8248277076201305,True,25,0.390625,False,1,0.078125,0.921875,-0.18017585003110526,54,101110,101010,011011
seed025_pair1_B2_w6,25,30,3,33,1-2,1,B2,6,64,123.33628075675689,121.33862619479369,1.997654561963202,True,9,0.140625,False,1,0.015625,0.984375,-0.3534840129105619,40,011111,010101,010111
seed025_pair1_B3_w6,25,30,3,33,1-2,1,B3,6,64,123.33628075675689,121.33862619479369,1.997654561963202,True,3,0.046875,False,1,0.3125,0.6875,0.527504263818134,1,000111,000101,000101
seed025_pair2_B1_w6,25,30,3,33,0-2,2,B1,6,64,123.33628075675689,123.33628075675689,0.0,False,0,0.0,False,0,0.296875,0.703125,-0.15835602306213162,1,111111,111111,111111
seed025_pair2_B2_w6,25,30,3,33,0-2,2,B2,6,64,123.33628075675689,123.33628075675689,0.0,False,0,0.0,False,0,0.71875,0.28125,0.7896773770313946,1,001111,001111,001111
seed025_pair2_B3_w6,25,30,3,33,0-2,2,B3,6,64,123.33628075675689,123.33628075675689,0.0,False,0,0.0,False,0,0.109375,0.890625,0.45947802197802196,1,000100,000100,000100
seed025_pair1_B1_w8,25,30,3,33,1-2,1,B1,8,256,123.33628075675689,120.0208569367064,3.3154238200504977,True,43,0.16796875,False,1,0.02734375,0.97265625,-0.4538837252339837,169,11101110,10101010,00111011
seed025_pair1_B2_w8,25,30,3,33,1-2,1,B2,8,256,123.33628075675689,121.33862619479369,1.997654561963202,True,8,0.03125,False,1,0.078125,0.921875,0.35014687947886297,69,00001111,00001001,00001110
seed025_pair1_B3_w8,25,30,3,33,1-2,1,B3,8,256,123.33628075675689,123.06001521573315,0.2762655410237471,True,11,0.04296875,False,1,0.09375,0.90625,0.3806822977932115,6,11010000,10010000,01000000
seed025_pair2_B1_w8,25,30,3,33,0-2,2,B1,8,256,123.33628075675689,123.33628075675689,0.0,False,0,0.0,False,0,0.25,0.75,0.6825192054550909,4,01111111,00111111,01111111
seed025_pair2_B2_w8,25,30,3,33,0-2,2,B2,8,256,123.33628075675689,123.33628075675689,0.0,False,0,0.0,False,0,0.16796875,0.83203125,0.5981796463721675,1,00000110,00000110,00000110
seed025_pair2_B3_w8,25,30,3,33,0-2,2,B3,8,256,123.33628075675689,123.33628075675689,0.0,False,0,0.0,False,0,0.0390625,0.9609375,0.40622281986724645,1,10000000,10000000,10000000
seed026_pair1_B1_w6,26,40,4,37,2-3,1,B1,6,64,151.20698126228072,147.16113026916767,4.045850993113049,True,56,0.875,False,1,0.875,0.125,-0.16936813186813182,61,101100,101011,011111
seed026_pair1_B2_w6,26,40,4,37,2-3,1,B2,6,64,151.20698126228072,146.2423417367223,4.964639525558425,True,51,0.796875,False,1,1.0,0.0,0.9623168498168497,1,000000,101111,101111
seed026_pair1_B3_w6,26,40,4,37,2-3,1,B3,6,64,151.20698126228072,146.70856658604743,4.4984146762332955,True,56,0.875,False,1,1.0,0.0,0.9236263736263736,7,000000,101111,100111
seed026_pair2_B1_w6,26,40,4,37,0-2,2,B1,6,64,151.20698126228072,151.20698126228072,0.0,False,0,0.0,False,0,0.078125,0.921875,0.21094322344322344,8,001111,000101,001111
seed026_pair2_B2_w6,26,40,4,37,0-2,2,B2,6,64,151.20698126228072,151.02161440198964,0.18536686029108296,True,2,0.03125,True,3,0.0625,0.9375,0.7058608058608058,12,010100,010100,001000
seed026_pair2_B3_w6,26,40,4,37,0-2,2,B3,6,64,151.20698126228072,150.09425266593388,1.112728596346841,True,1,0.015625,True,2,0.015625,0.984375,0.7216320206103841,3,001000,001000,010000
seed026_pair1_B1_w8,26,40,4,37,2-3,1,B1,8,256,151.20698126228072,147.16113026916767,4.045850993113049,True,208,0.8125,False,1,0.96875,0.03125,-0.24190246623941403,238,00101100,00101011,00011111
seed026_pair1_B2_w8,26,40,4,37,2-3,1,B2,8,256,151.20698126228072,146.07216834468903,5.134812917591688,True,199,0.77734375,False,1,1.0,0.0,0.7736974994277865,26,00000000,11001111,01100111
seed026_pair1_B3_w8,26,40,4,37,2-3,1,B3,8,256,151.20698126228072,141.23549835602856,9.971482906252163,True,203,0.79296875,False,1,0.99609375,0.00390625,0.013683411121576079,99,10000000,10101101,11111111
seed026_pair2_B1_w8,26,40,4,37,0-2,2,B1,8,256,151.20698126228072,149.85167253126227,1.3553087310184537,True,8,0.03125,True,2,0.05859375,0.94140625,0.28422837033646137,47,10001111,10000101,01000111
seed026_pair2_B2_w8,26,40,4,37,0-2,2,B2,8,256,151.20698126228072,151.20698126228072,0.0,False,0,0.0,False,0,0.0234375,0.9765625,0.5678172821118938,1,10010000,10010000,10010000
seed026_pair2_B3_w8,26,40,4,37,0-2,2,B3,8,256,151.20698126228072,151.20698126228072,0.0,False,0,0.0,False,0,0.05859375,0.94140625,0.1587319696133466,1,10001001,10001001,10001001
seed027_pair1_B1_w6,27,50,5,32,0-4,1,B1,6,64,154.49643101759344,153.21047314452275,1.2859578730706858,True,4,0.0625,True,3,0.421875,0.578125,-0.12156593406593406,16,011111,010101,110001
seed027_pair1_B2_w6,27,50,5,32,0-4,1,B2,6,64,154.49643101759344,154.0355495539227,0.460881463670745,True,2,0.03125,True,2,0.890625,0.109375,-0.15312582330254693,50,000110,100101,011100
seed027_pair1_B3_w6,27,50,5,32,0-4,1,B3,6,64,154.49643101759344,154.21619316553242,0.2802378520610205,True,2,0.03125,False,1,0.859375,0.140625,0.7278181120668775,24,100000,101010,110000
seed027_pair2_B1_w6,27,50,5,32,1-3,2,B1,6,64,154.49643101759344,154.49643101759344,0.0,False,0,0.0,False,0,0.015625,0.984375,0.1957641684265293,1,000000,000000,000000
seed027_pair2_B2_w6,27,50,5,32,1-3,2,B2,6,64,154.49643101759344,153.8131118227647,0.6833191948287265,True,2,0.03125,True,2,0.25,0.75,0.10053358816823971,42,111000,101000,010011
seed027_pair2_B3_w6,27,50,5,32,1-3,2,B3,6,64,154.49643101759344,153.71260129361906,0.7838297239743781,True,1,0.015625,True,2,0.09375,0.90625,-0.2795974706685316,63,111011,101010,011111
seed027_pair1_B1_w8,27,50,5,32,0-4,1,B1,8,256,154.49643101759344,151.83093687604148,2.66549414155196,True,22,0.0859375,True,2,0.84765625,0.15234375,0.025665913252460513,104,00011111,11010101,01100001
seed027_pair1_B2_w8,27,50,5,32,0-4,1,B2,8,256,154.49643101759344,153.83191241859132,0.6645185990021218,True,5,0.01953125,False,1,0.640625,0.359375,0.8431800751028099,33,10000000,10100101,10111000
seed027_pair1_B3_w8,27,50,5,32,0-4,1,B3,8,256,154.49643101759344,154.1523341714747,0.34409684611873104,True,4,0.015625,False,1,0.82421875,0.17578125,0.3086463464500526,24,00001001,11001001,00001101
seed027_pair2_B1_w8,27,50,5,32,1-3,2,B1,8,256,154.49643101759344,152.16756950204592,2.3288615155475156,True,3,0.01171875,False,1,0.0390625,0.9609375,0.22483733388090696,14,10000000,10000000,11000000
seed027_pair2_B2_w8,27,50,5,32,1-3,2,B2,8,256,154.49643101759344,152.8474777740884,1.6489532435050478,True,8,0.03125,True,2,0.09765625,0.90234375,-0.223785496414359,215,11111001,10101001,01111101
seed027_pair2_B3_w8,27,50,5,32,1-3,2,B3,8,256,154.49643101759344,153.71260129361906,0.7838297239743781,True,1,0.00390625,True,2,0.03125,0.96875,-0.23835955790926636,235,01111111,01010101,11011111
seed028_pair1_B1_w6,28,30,3,36,0-2,1,B1,6,64,73.60997771120535,71.90510133382436,1.7048763773809839,True,15,0.234375,False,1,0.40625,0.59375,0.0272680442321779,8,101010,101010,100110
seed028_pair1_B2_w6,28,30,3,36,0-2,1,B2,6,64,73.60997771120535,72.5645175340581,1.0454601771472483,True,9,0.140625,False,1,0.296875,0.703125,0.08913157976012873,38,001010,001010,000011
seed028_pair1_B3_w6,28,30,3,36,0-2,1,B3,6,64,73.60997771120535,72.99792780055522,0.6120499106501285,True,5,0.078125,True,2,0.21875,0.78125,0.5504126968391551,4,010010,010010,010001
seed028_pair2_B1_w6,28,30,3,36,1-2,2,B1,6,64,73.60997771120535,73.60997771120535,0.0,False,0,0.0,False,0,0.84375,0.15625,0.49350322524998136,1,111111,111111,111111
seed028_pair2_B2_w6,28,30,3,36,1-2,2,B2,6,64,73.60997771120535,73.60997771120535,0.0,False,0,0.0,False,0,0.671875,0.328125,0.591702678309331,1,000111,000111,000111
seed028_pair2_B3_w6,28,30,3,36,1-2,2,B3,6,64,73.60997771120535,73.60997771120535,0.0,False,0,0.0,False,0,0.109375,0.890625,0.35354848387460547,1,100000,100000,100000
seed028_pair1_B1_w8,28,30,3,36,0-2,1,B1,8,256,73.60997771120535,71.90510133382436,1.7048763773809839,True,28,0.109375,False,1,0.3203125,0.6796875,0.24065001049414175,35,01101010,01001010,01100110
seed028_pair1_B2_w8,28,30,3,36,0-2,1,B2,8,256,73.60997771120535,70.77500288090756,2.8349748302977815,True,26,0.1015625,False,1,0.21484375,0.78515625,0.36531301182103804,149,10001001,10001001,00000111
seed028_pair1_B3_w8,28,30,3,36,0-2,1,B3,8,256,73.60997771120535,69.37478004309054,4.235197668114807,True,64,0.25,False,1,0.2890625,0.7109375,0.13337844311819083,50,10101001,10101001,10010111
seed028_pair2_B1_w8,28,30,3,36,1-2,2,B1,8,256,73.60997771120535,73.60997771120535,0.0,False,0,0.0,False,0,0.62109375,0.37890625,0.5536964135652979,1,11111111,11111111,11111111
seed028_pair2_B2_w8,28,30,3,36,1-2,2,B2,8,256,73.60997771120535,73.60997771120535,0.0,False,0,0.0,False,0,0.36328125,0.63671875,0.3459965898918323,1,00000111,00000111,00000111
seed028_pair2_B3_w8,28,30,3,36,1-2,2,B3,8,256,73.60997771120535,73.60997771120535,0.0,False,0,0.0,False,0,0.7578125,0.2421875,0.6950482089723048,1,11111111,11111111,11111111
seed029_pair1_B1_w6,29,40,4,30,0-2,1,B1,6,64,151.46409946699248,150.87962846254675,0.5844710044457315,True,4,0.0625,True,2,0.046875,0.953125,0.3292582417582417,14,110000,010000,000100
seed029_pair1_B2_w6,29,40,4,30,0-2,1,B2,6,64,151.46409946699248,147.915259326971,3.5488401400214684,True,7,0.109375,False,1,0.046875,0.953125,0.38815543013333115,12,100000,100000,001000
seed029_pair1_B3_w6,29,40,4,30,0-2,1,B3,6,64,151.46409946699248,150.10853062983034,1.3555688371621386,True,9,0.140625,False,1,0.078125,0.921875,0.2571323924068258,50,111000,101000,110110
seed029_pair2_B1_w6,29,40,4,30,2-3,2,B1,6,64,151.46409946699248,149.50191042367277,1.962189043319711,True,7,0.109375,True,2,0.046875,0.953125,-0.2660513857236775,50,010000,010000,101110
seed029_pair2_B2_w6,29,40,4,30,2-3,2,B2,6,64,151.46409946699248,150.7921867877607,0.6719126792317809,True,7,0.109375,True,2,0.09375,0.90625,-0.20764589859428684,38,111001,101001,111010
seed029_pair2_B3_w6,29,40,4,30,2-3,2,B3,6,64,151.46409946699248,150.3109277911613,1.1531716758311745,True,4,0.0625,True,2,0.046875,0.953125,-0.08960077107765076,21,111101,010101,101010
seed029_pair1_B1_w8,29,40,4,30,0-2,1,B1,8,256,151.46409946699248,150.87962846254675,0.5844710044457315,True,7,0.02734375,False,1,0.0703125,0.9296875,0.34703349361866354,48,11110000,10010000,11000100
seed029_pair1_B2_w8,29,40,4,30,0-2,1,B2,8,256,151.46409946699248,147.915259326971,3.5488401400214684,True,43,0.16796875,False,1,0.0625,0.9375,0.2798844674424888,50,11100100,10100100,11001100
seed029_pair1_B3_w8,29,40,4,30,0-2,1,B3,8,256,151.46409946699248,149.92126769207601,1.5428317749164648,True,33,0.12890625,False,1,0.0625,0.9375,0.052996252002746616,161,10001110,10000100,11000111
seed029_pair2_B1_w8,29,40,4,30,2-3,2,B1,8,256,151.46409946699248,149.3278553432402,2.1362441237522773,True,38,0.1484375,True,2,0.0703125,0.9296875,-0.2492479192061331,237,11010000,10010000,00011111
seed029_pair2_B2_w8,29,40,4,30,2-3,2,B2,8,256,151.46409946699248,147.20758793218204,4.256511534810443,True,55,0.21484375,True,2,0.05078125,0.94921875,0.15034159359322083,37,01111010,00101010,10010000
seed029_pair2_B3_w8,29,40,4,30,2-3,2,B3,8,256,151.46409946699248,148.05307271902112,3.4110267479713627,True,29,0.11328125,True,2,0.046875,0.953125,-0.09248454031313112,240,10001100,10000100,11110010
seed030_pair1_B1_w6,30,50,5,36,2-4,1,B1,6,64,104.96332134467907,104.9202296936952,0.043091650983868135,True,4,0.0625,False,1,0.9375,0.0625,0.5002003276871538,1,110001,111101,111101
seed030_pair1_B2_w6,30,50,5,36,2-4,1,B2,6,64,104.96332134467907,104.15801435062036,0.8053069940587108,True,10,0.15625,False,1,0.734375,0.265625,0.44637296957027545,2,011000,111011,111001
seed030_pair1_B3_w6,30,50,5,36,2-4,1,B3,6,64,104.96332134467907,104.13781630221276,0.8255050424663182,True,21,0.328125,False,1,0.203125,0.796875,0.23240755405721922,16,000000,100110,011000
seed030_pair2_B1_w6,30,50,5,36,1-4,2,B1,6,64,104.96332134467907,104.96332134467907,0.0,False,0,0.0,False,0,0.984375,0.015625,0.866676587471931,1,001110,001110,001110
seed030_pair2_B2_w6,30,50,5,36,1-4,2,B2,6,64,104.96332134467907,104.96332134467907,0.0,False,0,0.0,False,0,0.5,0.5,0.37075823811221137,1,000110,000110,000110
seed030_pair2_B3_w6,30,50,5,36,1-4,2,B3,6,64,104.96332134467907,104.29940328381615,0.663918060862926,True,1,0.015625,False,1,0.6875,0.3125,0.14357025337055646,37,111001,101001,110001
seed030_pair1_B1_w8,30,50,5,36,2-4,1,B1,8,256,104.96332134467907,104.9202296936952,0.043091650983868135,True,4,0.015625,False,1,0.92578125,0.07421875,0.141708781016312,1,11110001,11111101,11111101
seed030_pair1_B2_w8,30,50,5,36,2-4,1,B2,8,256,104.96332134467907,103.56818249669092,1.3951388479881501,True,47,0.18359375,False,1,0.5390625,0.4609375,0.32485324628590473,50,00001100,10011111,01111000
seed030_pair1_B3_w8,30,50,5,36,2-4,1,B3,8,256,104.96332134467907,104.9202296936952,0.043091650983868135,True,4,0.015625,False,1,0.89453125,0.10546875,0.6593456662129705,1,11101001,11101111,11101111
seed030_pair2_B1_w8,30,50,5,36,1-4,2,B1,8,256,104.96332134467907,104.29940328381615,0.663918060862926,True,2,0.0078125,False,1,0.40625,0.59375,0.0005285820553902495,162,11111110,10111100,01111110
seed030_pair2_B2_w8,30,50,5,36,1-4,2,B2,8,256,104.96332134467907,104.29940328381615,0.663918060862926,True,1,0.00390625,False,1,0.69921875,0.30078125,0.0886500244906374,3,00000111,00001101,00000101
seed030_pair2_B3_w8,30,50,5,36,1-4,2,B3,8,256,104.96332134467907,104.29940328381615,0.663918060862926,True,2,0.0078125,False,1,0.17578125,0.82421875,-0.4464386873426413,194,11111111,11111010,11111101
